[
    {
      "nameD": "Subject: SCP-002 EUCLID",
      "containheadD": "CONTAINMENT",
      "containmentD": "SCP-002 is to remain connected to a suitable power supply at all times, to keep it in what appears to be a recharging mode. In case of electrical outage, the emergency barrier between the object and the facility is to be closed and the immediate area evacuated. Once facility power is re-established, alternating bursts of X-ray and ultraviolet light must strobe the area until SCP-002 is re-affixed to the power supply and returned to recharging mode. Containment area is to be kept at negative air pressure at all times. Teams including a minimum of two (2) members are required within 20 meters of SCP-002 or its containment area. Personnel should maintain physical contact with one another at all times to confirm there is another person present, as perception may be dulled, skewed, or influenced by proximity to the object. No personnel below Level 3 are permitted within SCP-002. This requirement may be waived via written authorization from two (2) off-site Level 4 administrators. Command staff issued such a waiver must be escorted by at least five (5) Level 3 Security personnel for the duration of their contact and must temporarily surrender their rank and security clearance. Following contact, command staff will be escorted at least 5 km from SCP-002 to undergo a seventy-two (72)-hour quarantine and psychological evaluation. If deemed fit for return to duty by psych staff, rank and security clearance may be restored when quarantine expires.",
      "descripheadD": "DESCRIPTION",
      "descriptionD": "SCP-002 resembles an tumorous, fleshy growth with a volume of roughly 60 mÂ³ (or 2000 ftÂ³). An iron valve hatch on one side leads to its interior, which appears to be a standard low-rent apartment of modest size. One wall of the room possesses a single window, though no such opening is visible from the exterior. The room contains furniture which, upon close examination, appears to be sculpted bone, woven hair, and various other biological substances produced by the human body. All matter tested thus far show independent or fragmented DNA sequences for each object in the room. Refer to the Mulhausen Report [cross-ref:document00.023.603] for details related to object's discovery.",
      "referenceD": "REFERENCES",
      "referenceparaD": "To date, subject has been responsible for the disappearances of seven personnel. It has also in its time at the facility further furnished itself with two lamps, a throw rug, a television, a radio, a beanbag chair, three books in an unknown language, four children's toys, and a small potted plant. Tests with a variety of lab animals including higher primates have failed to provoke a response in SCP-002. Cadavers as well fail to produce any effect. Whatever process the subject uses to convert organic matter into furnishings is apparently only facilitated by the introduction of living humans. Mulhausen Report docid:00.023.603. The following is a brief report detailing the discovery of SCP-002. Subject was discovered in a small crater in northern Portugal where it struck the Earth from orbit. Encased in a shell of thick rock, the fleshy exterior of the object was exposed by the impact. A native farmer happened upon the site and reported his findings to the village elder. Subject gained SCP attention when a Level 4 agent posted in the area detected a small radioactive anomaly generated by the object. A collection squad of SCP security personnel led by General Mulhausen was immediately dispatched to the area where they quickly secured the subject in a large container and performed initial testing with subjects recruited from the nearby village. Three men individually sent into the structure subsequently disappeared. Upon discovering this deadly property of the subject, General Mulhausen issued a Level 4a Termination Order of any witnesses roughly 1/3 of the village to ensure no outside knowledge of the object and initiated its transport to SCP facility DATA EXPUNGED. During preparation for transport, four SCP security personnel were inexplicably drawn inside the object where they too immediately disappeared. Following inspection, it appeared as if the object had grown several new furnishings and was beginning to look like the interior of an apartment room. General Mulhausen immediately ordered the requisition of several Class III HAZMAT suits for the remaining security team members, who proceeded to lift the container onto a waiting freight ship for transport to the SCP containment facility. DATA EXPUNGED DATA EXPUNGED Following the termination of General Mulhausen, SCP-002 was re-secured by SCP staff and brought into special containment in CLASSIFIED, where it currently resides. Staff with clearance below Level 3 have been denied access to the SCP-002 container without prior approval of at least two Level 4 staff after the Mulhausen incident."
    },
    
    {
      "nameD": "Subject: SCP-003 EUCLID",     
      "containheadD": "CONTAINMENT",
      "containmentD": "SCP-003 is to be maintained at a constant temperature of no less than 35Â°C and ideally kept above 100Â°C. No living multicellular organisms of Category IV or higher complexity may be allowed to come into contact with SCP-003. In event of total power failure, if SCP-003-1 begins to increase its mass, assigned personnel must engage in skin contact with SCP-003-1. Ideally, personnel may use their body heat to return SCP-003-1 to above the critical temperature; however, skin contact must be maintained even in event of SCP-003 reaching activation temperature, lasting at minimum until SCP-003-1 advances fully to its second growth stage. Personnel who enter SCP-003's containment area must first be examined for body parasites of Category IV or higher complexity, and sterilized if such organisms are present. All personnel who have come in physical contact with SCP-003-1 are to immediately report for sterilization afterwards. SCP-003-1 must not be removed from SCP-003-2 except in case of emergency procedures detailed above. Any significant change in SCP-003-2's rune activity (including pattern, frequency, or color) should be reported within three (3) hours of occurrence. Cessation of rune activity must be reported immediately. SCP-003-2 must be supplied with power via the source designated Generator 003-IX at all times.",
      "descripheadD": "DESCRIPTION",
      "descriptionD": "SCP-003 consists of two related components of separate origin, referred to as SCP-003-1 and SCP-003-2. SCP-003-1 appears to be composed of chitin, hair, and nails of unknown biology, arranged in a configuration similar to that of a computer motherboard. Testing reveals SCP-003-1 to predate earliest known circuit boards by a factor of thousands of years. SCP-003-1 is considered sentient but not actively dangerous except under certain conditions. SCP-003-1 was found on a stone tablet, SCP-003-2, on which it currently resides. The runes on SCP-003-2 are not part of any known language, and emit pale, flickering light patterns. SCP-003-2 is controlled by a (non-biological) internal computer, the contents of which are mostly inaccessible without risk of damaging SCP-003-2. SCP-003-2 is capable of controlled emissions of radiation, including heat, light, and anomalous radiation types. SCP-003-2 contains an internal power source of an anomalous nature, which appears to have been losing power since several centuries before discovery. It is considered probable that SCP-003-2 was created for the purpose of containing SCP-003-1. Partially interpreted data recovered from SCP-003-2 may refer to a past and/or potential future LK-class restructuring event caused by SCP-003-1. SCP-003 was located by remote viewing team SRV-04 Beta. It appears possible that SRV-04 Beta was deliberately contacted by SCP-003-2. Other organizations have also been alerted to SCP-003's existence, possibly by similar means. Despite this activity, SCP-003-2 does not appear to be sentient, based on its lack of reaction to M03-Gloria analysis and procedures. When SCP-003 drops below the temperature of 35Â°C, both components react. First, SCP-003-1 enters a growth state characterized by an exponential increase in mass. This growth state consists of two stages. In both stages, SCP-003-1 partially fuels its growth by converting matter around it, starting with any surrounding inorganic material, including atmospheric elements, then nonliving organic material, including cells of dead skin, hair, chitin, enamel, keratin, and other biological materials. The first stage is always the same. SCP-003-1 will first increase its mass, then take a form similar in shape to an ophiuroid (brittle star) of fifteen meters in diameter (including what appears to be a central processor of three meters in diameter). It will form sensory organs that appear to scan its surrounding environment, and will partially convert the area around it to an unidentified anomalous substance (SCP-003-2 seems immune from conversion). The second stage describes a growth alteration which occurs when SCP-003 comes into contact with living organic material; SCP-003 appears to template itself off of the organic material, and will attempt communication with organisms that match its initial template or templates. In its second stage, SCP-003-1 may pause, slow or change its growth, and will also convert inorganic and nonliving organic elements into functionally similar structures while anomalously altering their physical makeup. While growth is consistent in the first stage, in the second stage SCP-003-1's growth rate is diminished by 20-90% so long as SCP-003-1 remains in contact with living organic material. The percentage is determined by the complexity of the organism(s) in contact with SCP-003-1; SCP-003-1 appears to devote a large amount of processing power to analysis of living organic material. During each of SCP-003-1's growth stages, SCP-003-2 releases bursts of radiation that temporarily inhibit SCP-003-1's growth, or reverse this growth when the temperature of SCP-003-1 rises above 100Â°C. Similar radiation emissions have been replicated or recorded via other anomalous means. SCP-003-1's biology has been the subject of extensive study. Significant elements have been identified similar to SCP-???, SCP-1512, and SCP-2756, the latter two of which have no further confirmed connection with SCP-003-1 and no known connection with each other, and none of which are fully understood (technically, even less understood than SCP-003, thanks to the extensive cross-disciplinary research on the SCP-003 objects). To date, no convincing analysis has been put forward which satisfactorily explains SCP-003-1's connection to these SCP objects or others, nor its connection to modern technology beyond appearance (and potential mimicry via unknown mechanism)."    
    },
    
    {
      "nameD": "Subject: SCP-004 EUCLID",
      "containheadD": "CONTAINMENT",
      "containmentD": "When handling items SCP-004-2 through SCP-004-13, proper procedure is vital. The items are not permitted to be moved off-site unless accompanied by two Level 4 security personnel. Under no circumstances should any other component of SCP-004 be taken through SCP-004-1. The effects of doing so are as yet unknown, and the current cost of experimentation makes further research impractical. Should any of the objects contained within SCP-004-1 breach containment, or the facility be breached, the keys must be brought inside and the door closed prior to activation of Site 62â€™s on-site warhead. Unauthorized removal of keys from the testing area is grounds for immediate termination. Level 1 clearance is required for basic access to SCP-004-1; Level 4 clearance is required for use of SCP-004-2 to -13.",
      "descripheadD": "DESCRIPTION",
      "descriptionD": "SCP-004 consists of an old wooden barn door (SCP-004-1) and a set of twelve rusted steel keys (SCP-004-2 through SCP-004-13). The door itself is the entrance to an abandoned factory in [DATA EXPUNGED]. SCP-004 seems to propagate spatiotemporal anomalies. Personnel leaving the facility report losing time. Those who have been in the site for weeks insist that they had only been in the facility for several days, and records of work completed and supplies consumed support their claims. Other temporal anomalies involve SCP-004-2 through -13, especially the reappearance of SCP-004-CAS01 and SCP-004-CAS02 exactly â–ˆâ–ˆ years after using SCP-004-â–ˆâ–ˆ. â–ˆâ–ˆâ–ˆâ–ˆâ–ˆâ–ˆâ–ˆâ–ˆâ–ˆâ–ˆâ–ˆâ–ˆâ–ˆâ–ˆâ–ˆâ–ˆâ–ˆâ–ˆâ–ˆâ–ˆ has been assigned to investigate all aspects of these time anomalies. Spatial anomalies include the impossibly large dimensions of the area opened by SCP-004-7. Similarly, the 2003 blackout incident suggests that there exists an alternate plane of existence within the same space that Site-62 occupies."
    },
    
    {
      "nameD": "Subject: SCP-005 SAFE",
      "containheadD": "CONTAINMENT",
      "containmentD": "SCP-005 poses no immediate risk in any direct sense. Even so, its unique functions require special measures be taken to restrict access and manipulation of the object. Approval of at least one (1) Level 4 personnel is required for the removal of the object from its containment area.",
      "descripheadD": "DESCRIPTION",
      "descriptionD": "In appearance, SCP-005 resembles an ornate key, displaying the characteristics of a typical mass produced key used in the 1920s. The key was discovered when a civilian used it to infiltrate a high security facility. SCP-005 seems to have the unique ability to open any and all forms of lock (See Appendix A), be they mechanical or digital, with relative ease. The origin of this ability has yet to be determined. SCP-005 may be used as a replacement for lost security passes, but only under the supervision of at least one (1) Level 4 personnel. SCP-005 may not be used for vending machine repairs, opening lockers, or for any personnel's spare home key. Removal of the object from the compound will result in immediate termination. While SCP-005 has been shown to be effective in removing almost any form of locking device, further experiments have shown that efforts to disguise the purpose or identity of a lock have proven at least somewhat successful in defeating SCP-005's ability. In approximately 50% of cases where a volunteer was not able to identify a locking device as such, SCP-005 was not successful in deactivating the device. Due to these results, SCP-005 has been tentatively classified as 'sentient' and further tests are being run to determine its cognitive abilities. However, there are no results that show any traits that prevent it from being able to identify any particular locking device, only that the aforementioned device has been heavily concealed and disguised."
    },

    {
      "nameD": "Subject: SCP-006 SAFE",
      "containheadD": "CONTAINMENT",
      "containmentD": "Whereas the nature of SCP-006 does not warrant any extensive containment, a certain level of secrecy is necessary regarding the object's existence and properties, for obvious reasons. The following procedures are required not for personnel safety, but to deny or hide knowledge of SCP-006's effects from the personnel who interact with it. : All personnel interacting with SCP-006 in any physical way are required to wear modified Class VI BNC suits. Before personnel are allowed to perform procedures, they must be briefed with Material SCP-006B or SCP-006C. SCP-006A Briefing is the correct one and is restricted to only those with O5 clearance. To ensure personnel are wearing suits properly, they are to be submerged into a pool of water. Any air bubbles spotted signify a leak in the suit. : Procedures with SCP-006 are to be carried out under extreme surveillance. In case of contact with SCP-006, the commander in charge will announce Procedure 006-Xi-12, which the personnel have been briefed to believe to mean high toxicity is present and they must evacuate. : Any procedure in which liquid is acquired from SCP-006 must be approved by three (3) O5 level personnel. The liquid is to be transferred in a Quad-Sealant Container and under armed guard. : If at any time personnel come into contact with SCP-006 or liquid from SCP-006, they are to be confined and terminated after sufficient studies are done. Due to the nature of SCP-006, the most effective termination method is incineration. (For full report, see file SCP006-TerO5)",
      "descripheadD": "DESCRIPTION",
      "descriptionD": "SCP-006 is a very small spring located 60 km west of Astrakhan. Foundation Command was aware of its existence since the 19th century, but were unable to secure it until 1991 due to political reasons. On the spot of the spring, a chemical factory has been constructed as a disguise, with the majority of laborers under Foundation and/or Russian control. The liquid emitted from the spring has been chemically identified as simple mineral water in 1902, but has the unusual property of health. Ingesting the liquid produces the following properties in human beings: the ability to regenerate DNA damaged by sufficient duplication, heightened excitement of cellular duplication, vastly improved abilities in the repair of damaged tissue, and a frightening increase in the effectiveness of the human immune system. Upon testing the liquid on animal subjects, hostile bacteria and viral agents were destroyed immediately. Many reptiles and birds were unaffected, while higher primates experienced the same benefits as humans."
    }

  ]